﻿<?xml version="1.0" encoding="utf-8"?>
<feed xmlns="http://www.w3.org/2005/Atom">

  <id>urn:uuid:F9268CD1-3230-46A7-BD1D-023A2620A33B</id>
  <title>Conan Server Manager Version Feed</title>
  <subtitle>This is the Conan Server Manager beta version feed.</subtitle>
  <link href="http://servermanagers.freeforums.net/" />
  <updated>2018-06-13T00:00:00Z</updated>

  <entry>
    <id>urn:uuid:0E681569-9A97-4377-94D6-8421566EEF34</id>
    <title>1.0.10 (1.0.10.5)</title>
    <summary>1.0.10.5</summary>
    <link href="" />
    <updated>2018-06-13T00:00:00Z</updated>
    <content type="xhtml">
      <div xmlns="http://www.w3.org/1999/xhtml" style="font-family: Arial, Verdana, Helvetica, Sans-Serif;font-size: .8em;">
        <p>
          <u style="font-size: .9em;">CHANGE</u>
          <br/>
          <ul>
            <li>Config Files - changed the output of float numbers to 6 decimals.</li>
          </ul>
        </p>
      </div>
    </content>
    <author>
      <name>bletch</name>
      <email>bletch1971@hotmail.com</email>
    </author>
  </entry>

  <entry>
    <id>urn:uuid:CF8D9EC3-7F9A-4787-91E9-3237EB29060F</id>
    <title>1.0.10 (1.0.10.4)</title>
    <summary>1.0.10.4</summary>
    <link href="" />
    <updated>2018-06-13T00:00:00Z</updated>
    <content type="xhtml">
      <div xmlns="http://www.w3.org/1999/xhtml" style="font-family: Arial, Verdana, Helvetica, Sans-Serif;font-size: .8em;">
        <p>
          <u style="font-size: .9em;">BUGFIX</u>
          <br/>
          <ul>
            <li>Out-Of-Date Mods - Fixed bug that would keep updating mod status when changing profiles.</li>
          </ul>
          <u style="font-size: .9em;">CHANGE</u>
          <br/>
          <ul>
            <li>Server Files - Disabled file watcher when saving server files. Prevents double loading.</li>
          </ul>
        </p>
      </div>
    </content>
    <author>
      <name>bletch</name>
      <email>bletch1971@hotmail.com</email>
    </author>
  </entry>

  <entry>
    <id>urn:uuid:57DDDB4E-D7A8-4A88-9615-50182776D269</id>
    <title>1.0.10 (1.0.10.3)</title>
    <summary>1.0.10.3</summary>
    <link href="" />
    <updated>2018-06-12T04:00:00Z</updated>
    <content type="xhtml">
      <div xmlns="http://www.w3.org/1999/xhtml" style="font-family: Arial, Verdana, Helvetica, Sans-Serif;font-size: .8em;">
        <p>
          <u style="font-size: .9em;">BUGFIX</u>
          <br/>
          <ul>
            <li>Profile Import - fixed the profile import, so that any INI file can be imported.</li>
          </ul>
        </p>
      </div>
    </content>
    <author>
      <name>bletch</name>
      <email>bletch1971@hotmail.com</email>
    </author>
  </entry>

  <entry>
    <id>urn:uuid:93E1133F-4054-4AC1-83D1-B3F10B14F456</id>
    <title>1.0.10 (1.0.10.2)</title>
    <summary>1.0.10.2</summary>
    <link href="" />
    <updated>2018-06-12T02:20:00Z</updated>
    <content type="xhtml">
      <div xmlns="http://www.w3.org/1999/xhtml" style="font-family: Arial, Verdana, Helvetica, Sans-Serif;font-size: .8em;">
        <p>
          <u style="font-size: .9em;">CHANGE</u>
          <br/>
          <ul>
            <li>Auto-Shutdown/Restart - Have added days of week, so you can schedule your server to shutdown on one or more days.</li>
          </ul>
        </p>
      </div>
    </content>
    <author>
      <name>bletch</name>
      <email>bletch1971@hotmail.com</email>
    </author>
  </entry>

  <entry>
    <id>urn:uuid:9B11FEBF-FD54-4C4F-B1A4-3A9CDBAEB311</id>
    <title>1.0.10 (1.0.10.1)</title>
    <summary>1.0.10.1</summary>
    <link href="" />
    <updated>2018-06-06T01:20:00Z</updated>
    <content type="xhtml">
      <div xmlns="http://www.w3.org/1999/xhtml" style="font-family: Arial, Verdana, Helvetica, Sans-Serif;font-size: .8em;">
        <p>
          <u style="font-size: .9em;">BUGFIX</u>
          <br/>
          <ul>
            <li>MotD Interval - fixed the bug when enabling the MotD interval.</li>
          </ul>
        </p>
      </div>
    </content>
    <author>
      <name>bletch</name>
      <email>bletch1971@hotmail.com</email>
    </author>
  </entry>

</feed>