﻿<?xml version="1.0" encoding="utf-8"?>
<feed xmlns="http://www.w3.org/2005/Atom">

  <id>urn:uuid:F9268CD1-3230-46A7-BD1D-023A2620A33B</id>
  <title>Conan Server Manager Version Feed</title>
  <subtitle>This is the Conan Server Manager beta version feed.</subtitle>
  <link href="http://servermanagers.freeforums.net/" />
  <updated>2018-11-19T00:00:00Z</updated>

  <entry>
    <id>urn:uuid:9B11FEBF-FD54-4C4F-B1A4-3A9CDBAEB311</id>
    <title>1.0.13 (1.0.13.1)</title>
    <summary>1.0.13.1</summary>
    <link href="" />
    <updated>2018-11-19T00:00:00Z</updated>
    <content type="xhtml">
      <div xmlns="http://www.w3.org/1999/xhtml" style="font-family: Arial, Verdana, Helvetica, Sans-Serif;font-size: .8em;">
        <p>
          <u style="font-size: .9em;">NEW</u>
          <br/>
          <ul>
            <li>Auto Update - Have added a delay settings to the auto-update for Sequential processing. The delay is in seconds (default 0) and will wait that number of seconds between each server update.</li>
          </ul>
          <u style="font-size: .9em;">CHANGE</u>
          <br/>
          <ul>
            <li>Main Window - Start position changed to 50,50.</li>
            <li>Server Status - removed server status call to offline WEB API.</li>
          </ul>
        </p>
      </div>
    </content>
    <author>
      <name>bletch</name>
      <email>bletch1971@hotmail.com</email>
    </author>
  </entry>

</feed>