﻿<?xml version="1.0" encoding="utf-8"?>
<feed xmlns="http://www.w3.org/2005/Atom">

  <id>urn:uuid:F9268CD1-3230-46A7-BD1D-023A2620A33B</id>
  <title>Conan Server Manager Version Feed</title>
  <subtitle>This is the Conan Server Manager beta version feed.</subtitle>
  <link href="http://servermanagers.freeforums.net/" />
  <updated>2018-05-21T03:50:00Z</updated>

  <entry>
    <id>urn:uuid:E3BC165C-7CD1-491F-A217-FAC6DCA6BAB8</id>
    <title>1.0.4 (1.0.4.4)</title>
    <summary>1.0.4.4</summary>
    <link href="" />
    <updated>2018-05-21T03:50:00Z</updated>
    <content type="xhtml">
      <div xmlns="http://www.w3.org/1999/xhtml" style="font-family: Arial, Verdana, Helvetica, Sans-Serif;font-size: .8em;">
        <p>
          <u style="font-size: .9em;">CHANGE</u>
          <br/>
          <ul>
            <li>User Settings - added reading user config settings from json file when loading.</li>
          </ul>
        </p>
      </div>
    </content>
    <author>
      <name>bletch</name>
      <email>bletch1971@hotmail.com</email>
    </author>
  </entry>

  <entry>
    <id>urn:uuid:2E35502E-BD80-470E-B82B-ECBC2E27CCA2</id>
    <title>1.0.4 (1.0.4.3)</title>
    <summary>1.0.4.3</summary>
    <link href="" />
    <updated>2018-05-20T05:50:00Z</updated>
    <content type="xhtml">
      <div xmlns="http://www.w3.org/1999/xhtml" style="font-family: Arial, Verdana, Helvetica, Sans-Serif;font-size: .8em;">
        <p>
          <u style="font-size: .9em;">NEW</u>
          <br/>
          <ul>
            <li>Kick AFK Settings - added Kick AFK percentage/time server settings.</li>
          </ul>
        </p>
      </div>
    </content>
    <author>
      <name>bletch</name>
      <email>bletch1971@hotmail.com</email>
    </author>
  </entry>

  <entry>
    <id>urn:uuid:8F0BDCC4-76BE-43B6-9674-0412876D6889</id>
    <title>1.0.4 (1.0.4.2)</title>
    <summary>1.0.4.2</summary>
    <link href="" />
    <updated>2018-05-20T05:00:00Z</updated>
    <content type="xhtml">
      <div xmlns="http://www.w3.org/1999/xhtml" style="font-family: Arial, Verdana, Helvetica, Sans-Serif;font-size: .8em;">
        <p>
          <u style="font-size: .9em;">NEW</u>
          <br/>
          <ul>
            <li>MotD - Message of the Day added with an interval timer that will broadcast it in game.</li>
          </ul>
        </p>
      </div>
    </content>
    <author>
      <name>bletch</name>
      <email>bletch1971@hotmail.com</email>
    </author>
  </entry>

  <entry>
    <id>urn:uuid:9B11FEBF-FD54-4C4F-B1A4-3A9CDBAEB311</id>
    <title>1.0.4 (1.0.4.1)</title>
    <summary>1.0.4.1</summary>
    <link href="" />
    <updated>2018-05-20T03:00:00Z</updated>
    <content type="xhtml">
      <div xmlns="http://www.w3.org/1999/xhtml" style="font-family: Arial, Verdana, Helvetica, Sans-Serif;font-size: .8em;">
        <p>
          <u style="font-size: .9em;">NEW</u>
          <br/>
          <ul>
            <li>Import Profile - new imports button to import existing servers to the current profile.</li>
          </ul>
        </p>
      </div>
    </content>
    <author>
      <name>bletch</name>
      <email>bletch1971@hotmail.com</email>
    </author>
  </entry>

</feed>